shot_name,filename,speed_mph,vla_deg,hla_deg,total_spin_rpm,spin_axis_deg,backspin_rpm,sidespin_rpm,carry_yd,total_yd,rollout_yd,apex_ft
5iron,5iron.json,102.10,17.40,1.50,5391.0,12.30,5266.0,1151.0,138.1,142.2,0.0,59.6
approach_mid_iron_test_shot,approach_mid_iron_test_shot.json,93.90,22.90,-2.60,5375.0,2.00,5375.0,0.0,125.8,128.5,0.0,69.3
bump_and_run,bump_and_run.json,58.27,15.57,-0.85,1850.1,2.31,1700.4,75.7,43.8,62,0.0,10.1
bump_and_run_slow,bump_and_run_slow.json,30.27,15.57,-0.85,1850.1,2.31,1700.4,75.7,0.0,0.0,0.0,0.0
bump_test_shot,bump_test_shot.json,78.27,5.57,-0.85,1850.1,2.31,1700.4,75.7,39,74,0.0,3.1
checked_test_shot,checked_test_shot.json,75.05,38.50,1.35,10700.8,5.74,10500.8,699.3,77.6,77.5,0.0,79.5
chip_test_shot,chip_test_shot.json,24.68,17.94,20.35,3203.9,0.00,3203.9,0.0,0.0,0.0,0.0,0.0
drive_test_shot,drive_test_shot.json,150.00,12.50,1.50,2335.0,-9.90,2300.0,-400.0,244,256,0.0,80.6
driver1,driver1.json,124.00,9.40,-9.50,2322.0,-24.80,2107.9,-973.2,158,184,0.0,30.2
driver2,driver2.json,124.60,13.20,-6.80,3994.0,-6.10,3971.3,-423.5,184.8,192.3,0.0,65.8
driver3,driver3.json,119.10,16.00,-8.90,4935.0,-9.40,4868.9,-806.3,174.1,178.5,0.0,78.5
driver4,driver4.json,119.00,15.50,-10.20,4454.0,-7.80,4412.0,-608.1,175.6,180.9,0.0,73.8
flop_test_shot,flop_test_shot.json,68.05,45.00,0.45,12000.0,0.84,12000.0,140.3,61.8,60.3,0.0,76.8
p_wedge_shot_1,p_wedge_shot_1.json,82.28,26.46,-3.15,4946.5,6.74,4912.3,580.3,104.5,107.3,0.0,60.5
topped_test_shot,topped_test_shot.json,91.78,5.00,-0.89,2195.3,16.20,2108.2,612.3,56.2,95.3,0.0,4.3
wedge_shot_1,wedge_shot_1.json,48.66,28.96,-1.27,5683.7,11.12,5577.0,1096.3,42.6,46.9,0.0,21.3
wedge_shot_2,wedge_shot_2.json,51.83,37.03,2.37,5652.0,9.08,5581.2,891.7,49.1,50.1,0.0,35.3
wedge_test_shot,wedge_test_shot.json,66.40,23.20,-1.40,6449.0,7.10,6399.0,793.0,70.6,75.8,0.0,31.2
wedge_test_shot2,wedge_test_shot2.json,54.70,26.80,1.60,4976.0,5.70,4951.0,494.0,52.2,57.7,0.0,24.4
wood1,wood1.json,124.20,6.70,-8.10,4528.0,4.80,4512.0,378.0,165.5,181.90,0.0,32.80
wood2,wood2.json,118.80,14.50,-3.30,3026.0,11.20,2968.0,586.0,175.6,186.10,0.0,59.3
wood_low_test_shot,wood_low_test_shot.json,114.46,6.95,-0.63,1932.5,-1.42,1931.9,-47.8,122.6,158.9,0.0,15.7
s2_shot_10,shot_10.json,89.70,25.51,-3.13,6446.1,6.16,6408.9,691.6,115.1,116.4,1.3,72.0
s2_shot_11,shot_11.json,78.51,29.59,4.31,7349.8,10.69,7222.3,1363.2,93.0,93.6,0.6,64.0
s2_shot_12,shot_12.json,90.80,24.49,-3.88,7260.6,4.91,7233.9,621.5,115.4,116.4,1.0,71.5
s2_shot_13,shot_13.json,95.22,19.62,-1.09,5609.6,12.20,5482.8,1185.8,125.3,128.7,3.4,58.4
s2_shot_14,shot_14.json,87.13,22.37,-2.00,5660.3,11.37,5549.3,1115.6,110.9,113.7,2.8,55.9
s2_shot_15,shot_15.json,88.14,14.21,-0.32,4985.2,19.37,4703.0,1653.5,101.3,113.1,11.8,28.9
s2_shot_16,shot_16.json,94.07,19.14,-5.93,5291.1,4.96,5271.3,457.7,124.3,128.1,3.8,55.3
s2_shot_17,shot_17.json,122.92,14.40,-1.33,4119.1,6.69,4091.0,480.2,184.0,190.3,6.3,71.8
s2_shot_18,shot_18.json,105.67,20.50,-1.72,5666.8,8.18,5609.2,806.3,146.8,149.4,2.6,80.4
s2_shot_19,shot_19.json,128.59,12.54,-8.40,2513.7,5.13,2503.6,224.6,194.5,208.7,14.2,57.3
s2_shot_20,shot_20.json,120.88,15.02,-2.96,4245.1,9.62,4185.4,709.5,179.4,185.3,5.9,72.3
s2_shot_21,shot_21.json,127.35,7.24,-11.46,2320.9,-19.47,2188.2,-773.4,154.9,186.5,31.6,23.1
s2_shot_22,shot_22.json,123.29,14.01,-6.11,3104.1,9.97,3057.3,537.3,185.4,195.5,10.1,63.0
s2_shot_23,shot_23.json,125.52,8.64,-14.33,3062.5,-23.87,2800.5,-1239.4,161.9,185.0,23.1,31.0
s2_shot_24,shot_24.json,121.48,14.53,-11.23,3172.9,-6.80,3150.6,-375.5,183.0,192.8,9.8,64.6
s2_shot_26,shot_26.json,116.97,18.42,-2.02,5035.4,9.70,4963.4,848.2,170.7,174.2,3.5,88.1
s2_shot_27,shot_27.json,112.96,17.59,-2.26,4291.5,12.21,4194.4,907.8,164.5,169.6,5.1,73.6
s2_shot_9,shot_9.json,94.41,20.07,2.40,4020.4,16.33,3858.1,1130.8,126.5,132.5,6.0,54.8
s3_shot_3w_19,shot_3w_19.json,121.33,5.59,-4.84,1661.5,-11.89,1625.9,-342.2,120.6,165.8,45.2,12.2
s3_shot_3w_21,shot_3w_21.json,119.40,5.31,-3.43,1759.7,-10.46,1730.5,-319.5,114.6,160.5,45.9,10.9
s3_shot_3w_22,shot_3w_22.json,108.89,5.62,-7.25,2500.8,-1.78,2499.6,-77.5,103.2,141.3,38.1,10.5
s3_shot_3w_23,shot_3w_23.json,115.83,8.90,-0.78,2804.3,2.19,2802.2,107.3,147.7,170.9,23.2,28.0
s3_shot_3w_24,shot_3w_24.json,123.42,6.29,-5.42,2751.6,-13.27,2678.1,-631.8,145.9,176.7,30.8,19.8
s3_shot_5i_10,shot_5i_10.json,87.96,14.22,1.21,4064.7,8.41,4021.0,594.4,103.1,116.7,13.6,28.4
s3_shot_5i_11,shot_5i_11.json,90.59,14.45,-0.21,3360.4,7.80,3329.3,456.2,108.8,124.1,15.3,29.8
s3_shot_5i_12,shot_5i_12.json,74.19,10.23,-1.67,3321.4,15.75,3196.7,901.5,58.4,81.9,23.5,9.4
s3_shot_5i_13,shot_5i_13.json,75.04,8.01,2.53,3921.4,3.42,3914.4,234.0,53.9,78.9,25.0,6.8
s3_shot_5i_15,shot_5i_15.json,86.90,9.35,-4.02,2508.9,-4.94,2499.6,-216.2,78.6,106.6,28.0,12.1
s3_shot_5i_16,shot_5i_16.json,97.99,9.13,-2.08,3775.9,1.68,3774.3,110.7,109.1,130.0,20.9,19.7
s3_shot_5i_17,shot_5i_17.json,56.46,9.97,24.15,5178.3,29.12,4523.9,2519.7,30.6,46.9,16.3,4.5
s3_shot_6i_35,shot_6i_35.json,80.55,15.35,-1.30,4667.1,-0.03,4667.1,-2.8,90.0,101.5,11.5,26.4
s3_shot_6i_36,shot_6i_36.json,78.86,10.40,16.08,4166.0,25.12,3771.9,1768.7,67.8,89.1,21.3,11.8
s3_shot_6i_37,shot_6i_37.json,82.57,10.16,11.01,3041.1,25.35,2748.4,1301.8,71.5,97.2,25.7,11.8
s3_shot_6i_38,shot_6i_38.json,79.12,13.35,3.04,3186.9,11.59,3121.9,640.2,79.2,97.5,18.3,18.0
s3_shot_6i_39,shot_6i_39.json,60.98,6.14,10.35,3284.8,22.03,3044.9,1232.2,24.0,47.3,23.3,2.1
s3_shot_6i_40,shot_6i_40.json,62.11,6.80,27.01,2768.0,30.00,2397.2,1384.0,26.2,51.1,24.9,2.5
s3_shot_6i_41,shot_6i_41.json,82.53,9.88,-2.28,2620.2,13.56,2547.1,614.5,71.3,97.9,26.6,11.3
s3_shot_6i_42,shot_6i_42.json,77.19,13.14,-3.42,4057.2,4.14,4046.6,293.2,76.6,92.9,16.3,17.5
s3_shot_6i_43,shot_6i_43.json,94.06,13.88,-4.68,4616.2,1.70,4614.2,137.0,117.3,128.6,11.3,35.0
s3_shot_6i_44,shot_6i_44.json,114.96,9.46,-6.67,2314.5,15.10,2234.6,602.8,142.3,168.2,25.9,26.6
s3_shot_6i_45,shot_6i_45.json,109.32,6.42,-9.00,2509.9,-10.87,2464.9,-473.5,109.6,145.4,35.8,12.9
s3_shot_6i_46,shot_6i_46.json,116.33,13.65,0.34,3007.9,10.67,2955.8,557.1,167.3,179.3,12.0,51.6
s3_shot_6i_47,shot_6i_47.json,99.48,14.78,-2.86,4810.7,4.69,4794.6,393.7,131.2,137.7,6.5,45.0
s3_shot_6i_48,shot_6i_48.json,101.73,15.23,-3.03,4631.0,4.26,4618.2,344.4,137.1,143.5,6.4,48.9
s3_shot_6i_49,shot_6i_49.json,71.25,7.70,16.05,2624.7,30.00,2273.0,1312.3,39.9,70.3,30.4,4.5
s3_shot_6i_50,shot_6i_50.json,82.80,14.85,-1.42,3783.4,2.81,3778.8,185.4,93.2,107.4,14.2,25.6
s3_shot_7i_25,shot_7i_25.json,83.34,13.18,2.98,3409.5,17.79,3246.5,1041.7,86.9,104.8,17.9,20.1
s3_shot_7i_26,shot_7i_26.json,73.37,10.85,15.40,3560.9,30.00,3083.8,1780.4,56.6,79.3,22.7,9.6
s3_shot_7i_27,shot_7i_27.json,93.74,17.06,-1.45,4611.6,2.63,4606.7,211.8,122.3,128.3,6.0,46.0
s3_shot_7i_28,shot_7i_28.json,92.09,16.41,-3.60,4216.7,-0.44,4216.6,-32.4,117.9,125.6,7.7,40.6
s3_shot_7i_29,shot_7i_29.json,107.59,13.82,-6.05,3633.3,4.72,3621.0,298.7,148.4,158.3,9.9,46.3
s3_shot_7i_30,shot_7i_30.json,90.17,17.56,-3.83,4508.5,-0.21,4508.5,-16.5,115.4,121.7,6.3,43.1
s3_shot_7i_31,shot_7i_31.json,76.36,17.52,-0.54,5122.2,1.84,5119.5,164.7,85.0,94.5,9.5,28.4
s3_shot_7i_32,shot_7i_32.json,93.10,16.96,-1.03,3762.5,4.20,3752.4,275.6,121.2,129.8,8.6,42.5
s3_shot_7i_33,shot_7i_33.json,92.36,16.96,-0.58,3851.7,2.81,3847.1,188.9,119.7,128.0,8.3,42.0
s3_shot_7i_34,shot_7i_34.json,104.19,14.67,-4.63,4081.2,1.90,4079.0,135.0,142.5,150.6,8.1,48.2
s3_shot_9i_1,shot_9i_1.json,88.98,15.10,-0.50,3563.2,11.26,3494.6,695.8,106.7,120.8,14.1,30.8
s3_shot_9i_2,shot_9i_2.json,71.29,23.93,5.51,4085.5,8.31,4042.7,590.2,82.1,87.4,5.3,36.8
s3_shot_9i_3,shot_9i_3.json,90.11,21.67,2.80,5243.0,11.20,5143.3,1018.1,117.3,120.7,3.4,57.7
s3_shot_9i_5,shot_9i_5.json,84.02,19.37,3.82,5352.1,11.48,5245.0,1065.2,102.7,107.2,4.5,41.8
s3_shot_9i_7,shot_9i_7.json,83.03,22.51,5.26,7008.5,9.70,6908.3,1181.2,101.1,102.6,1.5,51.5
s3_shot_9i_8,shot_9i_8.json,92.21,21.95,-6.31,5042.3,0.73,5041.8,64.2,122.9,126.4,3.5,62.6
s3_shot_9i_9,shot_9i_9.json,90.06,22.14,-3.09,5351.1,1.21,5349.9,113.3,118.1,121.1,3.0,60.1
s3_shot_driver_51,shot_driver_51.json,116.17,21.74,2.17,6409.0,3.23,6398.8,360.7,162.9,164.3,1.4,108.7
s3_shot_driver_52,shot_driver_52.json,102.11,31.33,3.09,8442.2,6.26,8391.8,921.1,124.5,124.1,-0.4,119.3
s3_shot_driver_53,shot_driver_53.json,97.23,30.63,2.23,8925.8,5.99,8877.1,931.1,117.6,117.1,-0.5,105.8
s3_shot_driver_54,shot_driver_54.json,121.50,12.88,-5.26,3410.9,-9.97,3359.4,-590.5,178.2,188.7,10.5,56.5
s3_shot_driver_55,shot_driver_55.json,117.48,7.48,-8.33,2150.0,-27.19,1912.4,-982.4,125.6,161.8,36.2,17.2
s3_shot_driver_56,shot_driver_56.json,118.70,17.12,-1.80,4553.8,2.81,4548.4,222.9,176.6,180.9,4.3,83.2
s3_shot_driver_57,shot_driver_57.json,120.93,14.10,-5.16,1544.1,-7.96,1529.2,-213.7,177.6,197.0,19.4,50.9
s3_shot_driver_58,shot_driver_58.json,119.27,23.59,2.48,7093.4,3.26,7081.9,403.5,163.2,163.9,0.7,125.7
s3_shot_driver_59,shot_driver_59.json,80.96,44.91,8.87,6735.0,12.36,6578.8,1442.0,83.7,83.2,-0.5,107.8
s3_shot_driver_60,shot_driver_60.json,107.39,11.67,-8.62,3268.6,-14.80,3160.1,-835.0,138.5,153.8,15.3,34.0
s3_shot_pw_64,shot_pw_64.json,69.63,28.57,0.16,5327.2,5.10,5306.2,473.4,80.1,82.4,2.3,46.4
s3_shot_pw_65,shot_pw_65.json,81.25,28.38,2.89,6959.4,9.38,6866.3,1134.7,98.5,99.4,0.9,65.6
s3_shot_pw_66,shot_pw_66.json,75.71,27.32,-1.17,6605.0,3.99,6589.0,460.1,89.7,90.8,1.1,53.5
s3_shot_pw_67,shot_pw_67.json,81.66,28.12,6.34,6509.6,12.74,6349.4,1435.1,100.0,101.1,1.1,65.0
s3_shot_pw_68,shot_pw_68.json,88.55,23.37,-0.05,6637.4,6.04,6600.5,698.8,112.7,114.1,1.4,63.4
s3_shot_pw_69,shot_pw_69.json,74.06,23.61,0.18,5880.4,8.45,5816.5,864.4,86.0,88.8,2.8,41.2
s4_shot_3w_31,shot_3w_31.json,106.87,15.70,-2.35,3662.0,8.88,3618.1,565.0,150.3,158.8,8.5,53.7
s4_shot_3w_32,shot_3w_32.json,105.45,18.52,-1.38,5714.3,2.28,5709.8,227.6,146.0,148.8,2.8,71.9
s4_shot_3w_33,shot_3w_33.json,99.72,20.51,0.54,6997.1,1.55,6994.5,189.5,132.0,133.4,1.4,72.8
s4_shot_3w_34,shot_3w_34.json,114.64,15.34,2.39,3501.5,12.77,3414.9,773.8,166.6,175.4,8.8,60.3
s4_shot_3w_35,shot_3w_35.json,117.92,14.40,3.60,3735.1,13.26,3635.5,856.4,171.9,180.2,8.3,61.1
s4_shot_5i_25,shot_5i_25.json,89.08,16.71,1.13,5261.8,6.18,5231.2,566.6,110.8,116.1,5.3,40.1
s4_shot_5i_26,shot_5i_26.json,106.31,15.46,-3.63,4114.0,3.40,4106.7,244.1,148.7,155.9,7.2,54.5
s4_shot_5i_27,shot_5i_27.json,84.90,6.99,5.73,2262.9,30.00,1959.8,1131.5,55.3,92.1,36.8,5.8
s4_shot_5i_28,shot_5i_28.json,86.01,15.91,-1.64,4178.9,1.01,4178.3,73.4,103.1,114.6,11.5,32.2
s4_shot_5i_29,shot_5i_29.json,76.23,6.14,0.67,3695.3,0.00,3695.3,0.0,46.2,73.3,27.1,4.3
s4_shot_5i_30,shot_5i_30.json,96.81,18.19,0.71,6358.2,17.49,6064.2,1911.0,124.7,127.7,3.0,55.5
s4_shot_6i_19,shot_6i_19.json,85.61,14.70,2.87,4622.8,10.94,4538.9,877.1,98.9,110.8,11.9,28.6
s4_shot_6i_20,shot_6i_20.json,78.84,9.70,-0.74,4288.8,0.00,4288.8,0.0,69.4,89.6,20.2,11.5
s4_shot_6i_21,shot_6i_21.json,91.87,17.75,0.67,5966.8,11.46,5847.9,1185.3,116.4,120.1,3.7,47.6
s4_shot_6i_22,shot_6i_22.json,76.88,7.65,14.36,3780.1,30.00,3273.7,1890.1,50.8,78.8,28.0,6.0
s4_shot_9i_14,shot_9i_14.json,87.13,22.10,0.34,5730.4,4.69,5711.2,468.2,111.2,113.9,2.7,55.8
s4_shot_9i_15,shot_9i_15.json,75.35,23.70,-1.27,6790.0,2.92,6781.2,346.1,87.7,89.3,1.6,43.9
s4_shot_9i_17,shot_9i_17.json,79.41,14.92,16.37,4369.2,30.00,3783.8,2184.6,80.9,95.6,14.7,21.4
s4_shot_9i_18,shot_9i_18.json,74.62,23.60,2.52,6418.0,6.12,6381.4,684.4,86.6,88.8,2.2,42.3
s4_shot_lw_38,shot_lw_38.json,47.61,37.82,6.06,5608.6,5.60,5581.8,546.9,42.4,43.4,1.0,30.5
s4_shot_pw_1,shot_pw_1.json,69.84,20.07,-0.58,3577.0,7.98,3542.3,496.5,74.8,83.7,8.9,26.2
s4_shot_pw_10,shot_pw_10.json,76.33,26.80,0.65,5988.6,4.90,5966.7,511.9,91.5,93.2,1.7,52.8
s4_shot_pw_11,shot_pw_11.json,76.26,27.35,-0.63,6296.3,5.22,6270.2,573.0,91.1,92.5,1.4,54.2
s4_shot_pw_2,shot_pw_2.json,53.25,24.98,0.23,4085.0,3.00,4079.4,213.9,48.5,56.0,7.5,20.2
s4_shot_pw_3,shot_pw_3.json,62.81,31.15,6.57,6128.8,6.31,6091.7,673.2,67.3,68.6,1.3,41.8
s4_shot_pw_47,shot_pw_47.json,46.66,24.60,2.26,3699.1,0.00,3699.1,0.0,37.4,45.2,7.8,14.6
s4_shot_pw_48,shot_pw_48.json,46.55,25.52,3.83,4318.4,0.58,4318.2,43.5,37.9,44.5,6.6,15.6
s4_shot_pw_49,shot_pw_49.json,60.30,22.56,3.45,4043.8,4.96,4028.7,350.0,59.3,68.0,8.7,22.8
s4_shot_pw_6,shot_pw_6.json,68.69,26.10,1.07,4148.8,8.23,4106.0,593.9,78.4,83.1,4.7,38.6
s4_shot_pw_7,shot_pw_7.json,76.85,25.20,3.72,6565.2,8.16,6498.7,931.8,91.1,92.6,1.5,49.5
s5_shot_3w_35,shot_3w_35.json,107.01,10.72,9.52,3700.4,15.50,3565.9,988.7,134.5,151.6,17.1,31.0
s5_shot_3w_36,shot_3w_36.json,128.27,9.51,-2.92,2613.7,-6.77,2595.5,-308.1,180.9,199.7,18.8,39.9
s5_shot_3w_37,shot_3w_37.json,100.89,23.65,6.42,7893.3,7.23,7830.5,993.3,131.0,131.7,0.7,87.5
s5_shot_3w_38,shot_3w_38.json,130.05,7.89,-0.57,1997.4,1.80,1996.4,62.6,171.0,200.0,29.0,28.9
s5_shot_3w_39,shot_3w_39.json,129.89,11.95,-1.78,2965.3,-0.82,2965.0,-42.3,197.1,208.9,11.8,59.4
s5_shot_3w_40,shot_3w_40.json,116.24,14.11,0.83,3909.1,0.36,3909.0,24.4,169.4,177.1,7.7,60.2
s5_shot_3w_41,shot_3w_41.json,126.56,7.88,-0.02,2418.3,5.93,2405.4,249.7,165.8,191.8,26.0,28.8
s5_shot_6i_30,shot_6i_30.json,96.45,10.09,-3.53,1644.0,5.10,1637.5,146.1,98.4,129.3,30.9,16.5
s5_shot_6i_31,shot_6i_31.json,97.89,9.42,-3.68,3752.0,4.52,3740.4,295.5,109.9,130.4,20.5,20.5
s5_shot_6i_32,shot_6i_32.json,90.17,9.74,-1.26,4135.2,7.98,4095.1,573.9,93.7,113.4,19.7,17.2
s5_shot_6i_33,shot_6i_33.json,105.71,11.72,-1.36,3776.1,10.99,3706.9,720.0,136.7,151.9,15.2,35.0
s5_shot_6i_34,shot_6i_34.json,111.13,9.31,-8.56,2637.1,-2.91,2633.7,-134.0,136.7,161.3,24.6,25.6
s5_shot_7i_26,shot_7i_26.json,107.15,14.31,-2.94,4648.0,7.59,4607.2,614.2,147.4,153.9,6.5,51.9
s5_shot_7i_27,shot_7i_27.json,103.35,14.05,-1.80,5084.7,13.65,4941.0,1200.1,136.6,142.8,6.2,46.5
s5_shot_7i_28,shot_7i_28.json,98.45,15.21,-3.44,3446.7,6.38,3425.3,383.1,129.8,140.3,10.5,40.9
s5_shot_7i_29,shot_7i_29.json,110.04,12.92,-0.51,3297.2,8.98,3256.8,514.5,150.7,163.0,12.3,42.9
s5_shot_8i_22,shot_8i_22.json,100.79,15.59,-5.47,3498.0,3.50,3491.5,213.3,136.5,146.4,9.9,45.5
s5_shot_8i_23,shot_8i_23.json,109.67,18.21,-0.03,3711.3,5.17,3696.2,334.5,160.9,167.2,6.3,70.2
s5_shot_8i_24,shot_8i_24.json,106.67,18.22,0.20,5796.8,8.85,5727.9,891.6,147.5,150.4,2.9,72.1
s5_shot_8i_25,shot_8i_25.json,96.96,18.53,-2.03,4809.3,4.30,4795.8,360.2,130.8,135.6,4.8,56.2
s5_shot_9i_19,shot_9i_19.json,101.23,20.48,-2.39,4282.2,5.84,4259.9,435.9,142.6,147.2,4.6,69.2
s5_shot_9i_20,shot_9i_20.json,98.52,20.39,1.42,4377.3,10.38,4305.7,788.4,136.0,140.8,4.8,64.1
s5_shot_9i_21,shot_9i_21.json,90.13,20.73,0.61,6342.4,5.08,6317.5,561.6,115.3,117.5,2.2,56.5
s5_shot_driver_42,shot_driver_42.json,136.11,8.71,-3.00,2154.9,-0.59,2154.8,-22.3,193.9,216.9,23.0,39.1
s5_shot_driver_43,shot_driver_43.json,133.20,5.82,-6.58,2130.0,-19.69,2005.5,-717.5,154.2,192.0,37.8,18.4
s5_shot_driver_44,shot_driver_44.json,123.96,12.67,1.29,3764.6,2.20,3761.8,144.7,184.7,193.3,8.6,61.9
s5_shot_driver_45,shot_driver_45.json,128.90,5.14,-5.25,1634.8,2.91,1632.7,83.0,135.9,181.7,45.8,13.3
s5_shot_driver_46,shot_driver_46.json,134.80,10.70,-2.42,3349.5,-6.46,3328.2,-376.8,204.1,215.2,11.1,59.2
s5_shot_driver_47,shot_driver_47.json,137.20,7.11,-4.32,2596.0,-12.12,2538.1,-545.3,186.5,211.8,25.3,32.0
s5_shot_driver_48,shot_driver_48.json,123.09,15.27,-4.21,4479.8,-6.82,4448.1,-532.0,184.2,189.2,5.0,79.3
s5_shot_driver_49,shot_driver_49.json,123.52,18.72,3.77,5686.4,8.96,5617.1,885.3,180.1,182.6,2.5,104.1
s5_shot_lw_15,shot_lw_15.json,47.74,29.72,2.34,5998.7,0.00,5998.7,0.0,41.4,45.1,3.7,21.3
s5_shot_lw_16,shot_lw_16.json,52.57,37.20,5.56,5241.1,7.60,5195.1,692.9,50.6,51.8,1.2,36.6
s5_shot_lw_17,shot_lw_17.json,55.36,37.35,7.30,5902.8,9.87,5815.5,1011.5,54.5,55.4,0.9,41.0
s5_shot_lw_18,shot_lw_18.json,52.33,36.23,0.10,5373.7,13.17,5232.3,1224.3,50.0,51.3,1.3,34.7
s5_shot_pw_1,shot_pw_1.json,48.44,29.04,5.59,4593.3,2.52,4588.9,201.9,42.6,47.8,5.2,21.0
s5_shot_pw_10,shot_pw_10.json,83.58,25.18,1.37,5520.0,9.92,5437.5,950.8,105.5,107.9,2.4,59.2
s5_shot_pw_11,shot_pw_11.json,76.63,21.19,2.89,5232.4,-5.55,5207.9,-505.6,89.9,94.2,4.3,37.9
s5_shot_pw_2,shot_pw_2.json,57.80,26.75,2.79,4564.0,2.10,4560.9,167.5,57.9,61.9,4.0,27.4
s5_shot_pw_3,shot_pw_3.json,69.78,29.37,8.09,6334.5,8.08,6271.6,890.6,79.4,80.6,1.2,48.8
s5_shot_pw_4,shot_pw_4.json,68.60,29.11,3.83,6801.1,6.75,6753.9,799.5,76.8,77.8,1.0,46.6
s5_shot_pw_5,shot_pw_5.json,77.39,28.89,4.54,6293.5,7.31,6242.3,801.2,93.0,94.2,1.2,60.1
s5_shot_pw_6,shot_pw_6.json,76.27,28.17,3.68,5434.0,9.06,5366.3,855.3,92.3,94.4,2.1,55.8
s5_shot_pw_7,shot_pw_7.json,79.68,28.14,4.44,5839.6,9.11,5765.9,924.9,97.9,99.5,1.6,61.5
s5_shot_pw_8,shot_pw_8.json,76.43,28.21,1.55,5023.9,4.70,5007.0,411.9,93.4,95.9,2.5,55.9
s5_shot_pw_9,shot_pw_9.json,86.42,24.09,0.20,5479.7,3.71,5468.2,354.1,111.1,113.7,2.6,60.9
