shot_name,speed_mph,vla_deg,hla_deg,total_spin_rpm,spin_axis_deg,launch_regime_key,carry_window,physics_carry_yd,fs_carry_yd,diff_carry_yd,physics_carry_raw_yd,diff_carry_raw_yd,physics_total_yd,fs_total_yd,diff_total_yd,rollout_physics_yd,rollout_fs_yd,diff_rollout_yd,physics_apex_ft,fs_apex_ft,diff_apex_ft,gsp_carry_yd,gsp_total_yd,gsp_apex_ft,diff_gsp_carry_yd,diff_gsp_total_yd,diff_gsp_apex_ft,carry_exception_regime,carry_exception_offset_yd,carry_exception_source,carry_exception_applied,status
s5_shot_3w_38,130.1,7.9,-0.6,1997,1.8,D-S4-V0-P0,150-180,170.6,171.0,-0.4,170.6,-0.4,170.5,200.0,-29.5,-0.1,29.0,-29.1,28.9,28.9,0.0,,,,,,,,,,false,severe
s3_shot_6i_44,115.0,9.5,-6.7,2314,15.1,D-S3-V0-P0,115-150,140.5,142.3,-1.8,140.5,-1.8,140.2,168.2,-28.0,-0.3,25.9,-26.2,25.2,26.6,-1.4,,,,,,,,,,false,severe
s2_shot_21,127.3,7.2,-11.5,2321,-19.5,D-S4-V0-P0,150-180,159.8,154.9,4.9,159.8,4.9,214.2,186.5,27.7,54.4,31.6,22.8,24.8,23.1,1.7,,,,,,,,,,false,severe
driver1,124.0,9.4,-9.5,2322,-24.8,D-S4-V0-P0,150-180,157.7,158.0,-0.3,157.7,-0.3,157.7,184.0,-26.3,0.0,26.0,-26.0,29.4,30.2,-0.8,,,,,,,,,,false,severe
s5_shot_6i_34,111.1,9.3,-8.6,2637,-2.9,D-S3-V0-P1,115-150,135.4,136.7,-1.3,135.4,-1.3,135.0,161.3,-26.3,-0.4,24.6,-25.0,24.2,25.6,-1.4,,,,,,,,,,false,severe
s5_shot_driver_43,133.2,5.8,-6.6,2130,-19.7,D-S4-V0-P0,150-180,159.3,154.2,5.1,159.3,5.1,216.9,192.0,24.9,57.6,37.8,19.8,20.4,18.4,2.0,,,,,,,,,,false,severe
bump_and_run,58.3,15.6,-0.8,1850,2.3,C-S0-V1-P0,<115,37.7,43.8,-6.1,37.7,-6.1,37.4,62.0,-24.6,-0.3,18.2,-18.5,8.6,10.1,-1.5,,,,,,,,,,false,severe
s3_shot_5i_12,74.2,10.2,-1.7,3321,15.8,I-S1b-V1-P1,<115,58.7,58.4,0.3,58.7,0.3,57.5,81.9,-24.4,-1.2,23.5,-24.7,10.2,9.4,0.8,,,,,,,,,,false,severe
s2_shot_23,125.5,8.6,-14.3,3062,-23.9,D-S4-V0-P1,150-180,161.1,161.9,-0.8,161.1,-0.8,161.1,185.0,-23.9,0.0,23.1,-23.1,29.8,31.0,-1.2,,,,,,,,,,false,severe
s5_shot_driver_42,136.1,8.7,-3.0,2155,-0.6,D-S4-V0-P0,180-200,192.0,193.9,-1.9,192.0,-1.9,193.0,216.9,-23.9,1.0,23.0,-22.0,38.3,39.1,-0.8,,,,,,,,,,false,severe
s3_shot_3w_24,123.4,6.3,-5.4,2752,-13.3,D-S4-V0-P1,115-150,148.2,145.9,2.3,148.2,2.3,200.5,176.7,23.8,52.3,30.8,21.5,20.5,19.8,0.7,,,,,,,,,,false,severe
s5_shot_3w_41,126.6,7.9,-0.0,2418,5.9,D-S4-V0-P0,150-180,168.4,165.8,2.6,168.4,2.6,168.3,191.8,-23.5,-0.1,26.0,-26.1,29.3,28.8,0.5,,,,,,,,,,false,severe
s3_shot_3w_23,115.8,8.9,-0.8,2804,2.2,D-S3-V0-P1,115-150,147.8,147.7,0.1,147.8,0.1,147.6,170.9,-23.3,-0.2,23.2,-23.4,26.7,28.0,-1.3,,,,,,,,,,false,severe
s3_shot_7i_26,73.4,10.8,15.4,3561,30.0,I-S1b-V1-P1,<115,57.4,56.6,0.8,57.4,0.8,56.3,79.3,-23.0,-1.1,22.7,-23.8,10.4,9.6,0.8,,,,,,,,,,false,severe
s5_shot_driver_47,137.2,7.1,-4.3,2596,-12.1,D-S4-V0-P1,180-200,188.5,186.5,2.0,188.5,2.0,188.8,211.8,-23.0,0.3,25.3,-25.0,33.9,32.0,1.9,,,,,,,,,,false,severe
s5_shot_driver_49,123.5,18.7,3.8,5686,9.0,I-S4-V2-P3,180-200,183.1,180.1,3.0,183.1,3.0,204.7,182.6,22.1,21.6,2.5,19.1,130.1,104.1,26.0,,,,,,,,,,false,severe
s3_shot_5i_16,98.0,9.1,-2.1,3776,1.7,I-S2-V0-P1,<115,109.1,109.1,0.0,109.1,0.0,108.0,130.0,-22.0,-1.1,20.9,-22.0,19.2,19.7,-0.5,,,,,,,,,,false,severe
s3_shot_6i_38,79.1,13.3,3.0,3187,11.6,I-S1b-V1-P1,<115,75.3,79.2,-3.9,75.3,-3.9,75.5,97.5,-22.0,0.2,18.3,-18.1,17.9,18.0,-0.1,,,,,,,,,,false,severe
wood_low_test_shot,114.5,7.0,-0.6,1932,-1.4,D-S3-V0-P0,115-150,123.9,122.6,1.3,123.9,1.3,180.9,158.9,22.0,57.0,36.3,20.7,16.0,15.7,0.3,,,,,,,,,,false,severe
s5_shot_6i_31,97.9,9.4,-3.7,3752,4.5,I-S2-V0-P1,<115,109.6,109.9,-0.3,109.6,-0.3,108.6,130.4,-21.8,-1.0,20.5,-21.5,19.7,20.5,-0.8,,,,,,,,,,false,severe
s3_shot_driver_55,117.5,7.5,-8.3,2150,-27.2,D-S3-V0-P0,115-150,127.6,125.6,2.0,127.6,2.0,183.5,161.8,21.7,55.9,36.2,19.7,17.6,17.2,0.4,,,,,,,,,,false,severe
s5_shot_3w_36,128.3,9.5,-2.9,2614,-6.8,D-S4-V0-P1,180-200,177.1,180.9,-3.8,177.1,-3.8,178.0,199.7,-21.7,0.9,18.8,-17.9,37.2,39.9,-2.7,,,,,,,,,,false,severe
s2_shot_26,117.0,18.4,-2.0,5035,9.7,I-S3-V2-P2,150-180,172.6,170.7,1.9,172.6,1.9,195.8,174.2,21.6,23.2,3.5,19.7,108.5,88.1,20.4,,,,,,,,,,false,severe
s5_shot_6i_30,96.5,10.1,-3.5,1644,5.1,I-S2-V1-P0,<115,96.3,98.4,-2.1,96.3,-2.1,150.6,129.3,21.3,54.3,30.9,23.4,15.8,16.5,-0.7,,,,,,,,,,false,severe
s3_shot_driver_58,119.3,23.6,2.5,7093,3.3,I-S3-V2-P3,150-180,169.7,163.2,6.5,169.7,6.5,184.8,163.9,20.9,15.1,0.7,14.4,109.7,125.7,-16.0,,,,,,,,,,false,severe
s3_shot_6i_45,109.3,6.4,-9.0,2510,-10.9,I-S3-V0-P1,<115,112.6,109.6,3.0,112.6,3.0,165.8,145.4,20.4,53.2,35.8,17.4,13.4,12.9,0.5,,,,,,,,,,false,severe
s3_shot_3w_22,108.9,5.6,-7.2,2501,-1.8,I-S3-V0-P1,<115,105.8,103.2,2.6,105.8,2.6,160.9,141.3,19.6,55.1,38.1,17.0,11.0,10.5,0.5,,,,,,,,,,false,severe
wood1,124.2,6.7,-8.1,4528,4.8,D-S4-V0-P2,150-180,162.4,165.5,-3.1,162.4,-3.1,162.4,181.9,-19.5,0.0,16.4,-16.4,30.1,32.8,-2.7,,,,,,,,,,false,severe
s3_shot_7i_25,83.3,13.2,3.0,3410,17.8,I-S1b-V1-P1,<115,85.5,86.9,-1.4,85.5,-1.4,85.8,104.8,-19.0,0.3,17.9,-17.6,20.6,20.1,0.5,,,,,,,,,,false,severe
s5_shot_3w_35,107.0,10.7,9.5,3700,15.5,I-S3-V1-P1,115-150,133.3,134.5,-1.2,133.3,-1.2,133.2,151.6,-18.4,-0.1,17.1,-17.2,28.1,31.0,-2.9,,,,,,,,,,false,severe
s3_shot_driver_52,102.1,31.3,3.1,8442,6.3,W-S2-V3-P4,115-150,128.2,124.5,3.7,128.2,3.7,142.4,124.1,18.3,14.2,-0.4,14.6,112.7,119.3,-6.6,,,,,,,,,,false,severe
s3_shot_driver_57,120.9,14.1,-5.2,1544,-8.0,D-S4-V1-P0,150-180,174.3,177.6,-3.3,174.3,-3.3,179.3,197.0,-17.7,5.0,19.4,-14.4,48.2,50.9,-2.7,,,,,,,,,,false,severe
s3_shot_6i_42,77.2,13.1,-3.4,4057,4.1,I-S1b-V1-P2,<115,75.6,76.6,-1.0,75.6,-1.0,75.5,92.9,-17.4,-0.1,16.3,-16.4,18.1,17.5,0.6,,,,,,,,,,false,severe
s5_shot_pw_2,57.8,26.8,2.8,4564,2.1,C-S0-V3-P2,<115,59.7,57.9,1.8,59.7,1.8,78.8,61.9,16.9,19.1,4.0,15.1,28.4,27.4,1.0,,,,,,,,,,false,severe
driver3,119.1,16.0,-8.9,4935,-9.4,D-S3-V1-P2,150-180,175.0,174.1,0.9,175.0,0.9,195.3,178.5,16.8,20.3,4.4,15.9,93.2,78.5,14.7,,,,,,,,,,false,severe
s3_shot_6i_35,80.5,15.3,-1.3,4667,-0.0,I-S1b-V1-P2,<115,85.2,90.0,-4.8,85.2,-4.8,85.3,101.5,-16.2,0.1,11.5,-11.4,23.2,26.4,-3.2,,,,,,,,,,false,severe
s3_shot_3w_19,121.3,5.6,-4.8,1662,-11.9,D-S4-V0-P0,115-150,120.0,120.6,-0.6,120.0,-0.6,181.8,165.8,16.0,61.8,45.2,16.6,12.3,12.2,0.1,,,,,,,,,,false,severe
s4_shot_9i_17,79.4,14.9,16.4,4369,30.0,I-S1b-V1-P2,<115,79.5,80.9,-1.4,79.5,-1.4,79.6,95.6,-16.0,0.1,14.7,-14.6,20.8,21.4,-0.6,,,,,,,,,,false,severe
s3_shot_3w_21,119.4,5.3,-3.4,1760,-10.5,D-S3-V0-P0,<115,115.2,114.6,0.6,115.2,0.6,176.4,160.5,15.9,61.2,45.9,15.3,11.2,10.9,0.3,,,,,,,,,,false,severe
s3_shot_5i_11,90.6,14.4,-0.2,3360,7.8,I-S2-V1-P1,<115,106.9,108.8,-1.9,106.9,-1.9,108.2,124.1,-15.9,1.3,15.3,-14.0,28.9,29.8,-0.9,,,,,,,,,,false,severe
s5_shot_6i_32,90.2,9.7,-1.3,4135,8.0,I-S2-V0-P2,<115,97.7,93.7,4.0,97.7,4.0,97.6,113.4,-15.8,-0.1,19.7,-19.8,19.6,17.2,2.4,,,,,,,,,,false,severe
s5_shot_driver_45,128.9,5.1,-5.2,1635,2.9,D-S4-V0-P0,115-150,134.5,135.9,-1.4,134.5,-1.4,197.4,181.7,15.7,62.9,45.8,17.1,13.6,13.3,0.3,,,,,,,,,,false,severe
s3_shot_driver_60,107.4,11.7,-8.6,3269,-14.8,I-S3-V1-P1,115-150,137.9,138.5,-0.6,137.9,-0.6,138.4,153.8,-15.4,0.5,15.3,-14.8,31.5,34.0,-2.5,,,,,,,,,,false,severe
s2_shot_15,88.1,14.2,-0.3,4985,19.4,I-S2-V1-P2,<115,98.0,101.3,-3.3,98.0,-3.3,98.0,113.1,-15.1,0.0,11.8,-11.8,26.1,28.9,-2.8,,,,,,,,,,false,severe
s5_shot_6i_33,105.7,11.7,-1.4,3776,11.0,I-S3-V1-P1,115-150,136.3,136.7,-0.4,136.3,-0.4,136.8,151.9,-15.1,0.5,15.2,-14.7,32.3,35.0,-2.7,,,,,,,,,,false,severe
s3_shot_5i_15,86.9,9.3,-4.0,2509,-4.9,I-S2-V0-P1,<115,74.0,78.6,-4.6,74.0,-4.6,121.1,106.6,14.5,47.1,28.0,19.1,11.0,12.1,-1.1,,,,,,,,,,false,severe
s3_shot_driver_51,116.2,21.7,2.2,6409,3.2,I-S3-V2-P3,150-180,163.5,162.9,0.6,163.5,0.6,178.8,164.3,14.5,15.3,1.4,13.9,97.2,108.7,-11.5,,,,,,,,,,false,severe
s3_shot_driver_59,81.0,44.9,8.9,6735,12.4,W-S1b-V4-P3,<115,82.1,83.7,-1.6,82.1,-1.6,97.6,83.2,14.4,15.5,-0.5,16.0,103.6,107.8,-4.2,,,,,,,,,,false,severe
s4_shot_6i_19,85.6,14.7,2.9,4623,10.9,I-S2-V1-P2,<115,96.0,98.9,-2.9,96.0,-2.9,96.8,110.8,-14.0,0.8,11.9,-11.1,27.7,28.6,-0.9,,,,,,,,,,false,severe
s3_shot_7i_31,76.4,17.5,-0.5,5122,1.8,I-S1b-V1-P2,<115,80.7,85.0,-4.3,80.7,-4.3,80.7,94.5,-13.8,0.0,9.5,-9.5,24.4,28.4,-4.0,,,,,,,,,,false,severe
topped_test_shot,91.8,5.0,-0.9,2195,16.2,I-S2-V0-P0,<115,55.5,56.2,-0.7,55.5,-0.7,109.1,95.3,13.8,53.6,39.1,14.5,4.2,4.3,-0.1,,,,,,,,,,false,severe
s3_shot_6i_50,82.8,14.8,-1.4,3783,2.8,I-S1b-V1-P1,<115,91.5,93.2,-1.7,91.5,-1.7,93.9,107.4,-13.5,2.4,14.2,-11.8,28.5,25.6,2.9,,,,,,,,,,false,severe
bump_test_shot,78.3,5.6,-0.8,1850,2.3,I-S1b-V0-P0,<115,37.3,39.0,-1.7,37.3,-1.7,87.2,74.0,13.2,49.9,35.0,14.9,3.0,3.1,-0.1,,,,,,,,,,false,severe
s3_shot_6i_41,82.5,9.9,-2.3,2620,13.6,I-S1b-V0-P1,<115,66.6,71.3,-4.7,66.6,-4.7,110.8,97.9,12.9,44.2,26.6,17.6,10.3,11.3,-1.0,,,,,,,,,,false,severe
s4_shot_5i_29,76.2,6.1,0.7,3695,-0.0,I-S1b-V0-P1,<115,51.2,46.2,5.0,51.2,5.0,86.2,73.3,12.9,35.0,27.1,7.9,5.1,4.3,0.8,,,,,,,,,,false,severe
s4_shot_9i_18,74.6,23.6,2.5,6418,6.1,I-S1b-V2-P3,<115,85.0,86.6,-1.6,85.0,-1.6,101.6,88.8,12.8,16.6,2.2,14.4,39.3,42.3,-3.0,,,,,,,,,,false,severe
s3_shot_6i_36,78.9,10.4,16.1,4166,25.1,I-S1b-V1-P2,<115,69.6,67.8,1.8,69.6,1.8,101.8,89.1,12.7,32.2,21.3,10.9,12.3,11.8,0.5,,,,,,,,,,false,severe
s5_shot_7i_29,110.0,12.9,-0.5,3297,9.0,D-S3-V1-P1,150-180,148.3,150.7,-2.4,148.3,-2.4,150.3,163.0,-12.7,2.0,12.3,-10.3,39.3,42.9,-3.6,,,,,,,,,,false,severe
s4_shot_9i_15,75.3,23.7,-1.3,6790,2.9,I-S1b-V2-P3,<115,86.2,87.7,-1.5,86.2,-1.5,101.9,89.3,12.6,15.7,1.6,14.1,40.7,43.9,-3.2,,,,,,,,,,false,severe
wedge_test_shot,66.4,23.2,-1.4,6449,7.1,I-S1a-V2-P3,<115,72.1,70.6,1.5,72.1,1.5,88.2,75.8,12.4,16.1,5.2,10.9,30.7,31.2,-0.5,,,,,,,,,,false,severe
wedge_test_shot2,54.7,26.8,1.6,4976,5.7,C-S0-V3-P2,<115,53.3,52.2,1.1,53.3,1.1,70.1,57.7,12.4,16.8,5.5,11.3,25.2,24.4,0.8,,,,,,,,,,false,severe
s4_shot_pw_2,53.2,25.0,0.2,4085,3.0,C-S0-V2-P2,<115,48.9,48.5,0.4,48.9,0.4,68.2,56.0,12.2,19.3,7.5,11.8,20.6,20.2,0.4,,,,,,,,,,false,severe
s5_shot_3w_37,100.9,23.6,6.4,7893,7.2,I-S2-V2-P4,115-150,136.4,131.0,5.4,136.4,5.4,143.8,131.7,12.1,7.4,0.7,6.7,77.9,87.5,-9.6,,,,,,,,,,false,severe
s4_shot_5i_27,84.9,7.0,5.7,2263,30.0,I-S1b-V0-P0,<115,54.3,55.3,-1.0,54.3,-1.0,104.1,92.1,12.0,49.8,36.8,13.0,5.7,5.8,-0.1,,,,,,,,,,false,severe
s3_shot_6i_37,82.6,10.2,11.0,3041,25.4,I-S1b-V1-P1,<115,67.6,71.5,-3.9,67.6,-3.9,108.9,97.2,11.7,41.3,25.7,15.6,10.9,11.8,-0.9,,,,,,,,,,false,severe
s3_shot_driver_56,118.7,17.1,-1.8,4554,2.8,D-S3-V1-P2,150-180,175.7,176.6,-0.9,175.7,-0.9,192.5,180.9,11.6,16.8,4.3,12.5,88.8,83.2,5.6,,,,,,,,,,false,severe
s3_shot_9i_1,89.0,15.1,-0.5,3563,11.3,I-S2-V1-P1,<115,106.5,106.7,-0.2,106.5,-0.2,109.3,120.8,-11.5,2.8,14.1,-11.3,32.2,30.8,1.4,,,,,,,,,,false,severe
s4_shot_pw_3,62.8,31.1,6.6,6129,6.3,W-S1a-V3-P3,<115,65.8,67.3,-1.5,65.8,-1.5,79.9,68.6,11.3,14.1,1.3,12.8,40.7,41.8,-1.1,,,,,,,,,,false,severe
s5_shot_lw_16,52.6,37.2,5.6,5241,7.6,C-S0-V4-P2,<115,49.7,50.6,-0.9,49.7,-0.9,63.1,51.8,11.3,13.4,1.2,12.2,36.1,36.6,-0.5,,,,,,,,,,false,severe
wedge_shot_2,51.8,37.0,2.4,5652,9.1,C-S0-V4-P3,<115,48.7,49.1,-0.4,48.7,-0.4,61.2,50.1,11.1,12.5,1.0,11.5,34.9,35.3,-0.4,,,,,,,,,,false,severe
s5_shot_lw_17,55.4,37.4,7.3,5903,9.9,C-S0-V4-P3,<115,55.1,54.5,0.6,55.1,0.6,66.3,55.4,10.9,11.2,0.9,10.3,41.2,41.0,0.2,,,,,,,,,,false,severe
s4_shot_6i_20,78.8,9.7,-0.7,4289,-0.0,I-S1b-V0-P2,<115,68.5,69.4,-0.9,68.5,-0.9,100.3,89.6,10.7,31.8,20.2,11.6,11.2,11.5,-0.3,,,,,,,,,,false,severe
s3_shot_5i_10,88.0,14.2,1.2,4065,8.4,I-S2-V1-P2,<115,103.0,103.1,-0.1,103.0,-0.1,106.1,116.7,-10.6,3.1,13.6,-10.5,32.4,28.4,4.0,,,,,,,,,,false,severe
s4_shot_pw_49,60.3,22.6,3.5,4044,5.0,I-S1a-V2-P2,<115,57.1,59.3,-2.2,57.1,-2.2,78.6,68.0,10.6,21.5,8.7,12.8,22.5,22.8,-0.3,,,,,,,,,,false,severe
s2_shot_19,128.6,12.5,-8.4,2514,5.1,D-S4-V1-P1,180-200,192.4,194.5,-2.1,192.4,-2.1,198.2,208.7,-10.5,5.8,14.2,-8.4,55.1,57.3,-2.2,,,,,,,,,,false,severe
s5_shot_pw_3,69.8,29.4,8.1,6334,8.1,I-S1a-V3-P3,<115,76.6,79.4,-2.8,76.6,-2.8,91.0,80.6,10.4,14.4,1.2,13.2,46.3,48.8,-2.5,,,,,,,,,,false,severe
s3_shot_driver_53,97.2,30.6,2.2,8926,6.0,W-S2-V3-P4,115-150,117.7,117.6,0.1,117.7,0.1,127.4,117.1,10.3,9.7,-0.5,10.2,97.4,105.8,-8.4,,,,,,,,,,false,severe
s2_shot_10,89.7,25.5,-3.1,6446,6.2,I-S2-V3-P3,115-150,118.5,115.1,3.4,118.5,3.4,126.6,116.4,10.2,8.1,1.3,6.8,66.0,72.0,-6.0,,,,,,,,,,false,severe
s4_shot_5i_28,86.0,15.9,-1.6,4179,1.0,I-S2-V1-P2,<115,100.5,103.1,-2.6,100.5,-2.6,104.6,114.6,-10.0,4.1,11.5,-7.4,35.4,32.2,3.2,,,,,,,,,,false,moderate
s5_shot_driver_48,123.1,15.3,-4.2,4480,-6.8,D-S4-V1-P2,180-200,186.0,184.2,1.8,186.0,1.8,199.0,189.2,9.8,13.0,5.0,8.0,79.3,79.3,0.0,,,,,,,,,,false,moderate
s4_shot_6i_22,76.9,7.7,14.4,3780,30.0,I-S1b-V0-P1,<115,54.2,50.8,3.4,54.2,3.4,88.3,78.8,9.5,34.1,28.0,6.1,6.7,6.0,0.7,,,,,,,,,,false,moderate
s4_shot_pw_47,46.7,24.6,2.3,3699,-0.0,C-S0-V2-P1,<115,36.8,37.4,-0.6,36.8,-0.6,54.7,45.2,9.5,17.9,7.8,10.1,14.6,14.6,0.0,,,,,,,,,,false,moderate
s5_shot_pw_1,48.4,29.0,5.6,4593,2.5,C-S0-V3-P2,<115,42.1,42.6,-0.5,42.1,-0.5,57.3,47.8,9.5,15.2,5.2,10.0,21.0,21.0,0.0,,,,,,,,,,false,moderate
s4_shot_3w_33,99.7,20.5,0.5,6997,1.6,I-S2-V2-P3,115-150,137.6,132.0,5.6,137.6,5.6,142.8,133.4,9.4,5.2,1.4,3.8,63.5,72.8,-9.3,,,,,,,,,,false,moderate
s4_shot_5i_25,89.1,16.7,1.1,5262,6.2,I-S2-V1-P2,<115,106.0,110.8,-4.8,106.0,-4.8,106.9,116.1,-9.2,0.9,5.3,-4.4,33.9,40.1,-6.2,,,,,,,,,,false,moderate
s4_shot_lw_38,47.6,37.8,6.1,5609,5.6,C-S0-V4-P3,<115,41.3,42.4,-1.1,41.3,-1.1,52.4,43.4,9.0,11.1,1.0,10.1,29.4,30.5,-1.1,,,,,,,,,,false,moderate
s5_shot_lw_18,52.3,36.2,0.1,5374,13.2,C-S0-V4-P2,<115,49.1,50.0,-0.9,49.1,-0.9,60.3,51.3,9.0,11.2,1.3,9.9,34.1,34.7,-0.6,,,,,,,,,,false,moderate
p_wedge_shot_1,82.3,26.5,-3.1,4946,6.7,I-S1b-V3-P2,<115,105.7,104.5,1.2,105.7,1.2,116.1,107.3,8.8,10.4,2.8,7.6,58.3,60.5,-2.2,,,,,,,,,,false,moderate
s3_shot_5i_13,75.0,8.0,2.5,3921,3.4,I-S1b-V0-P1,<115,55.1,53.9,1.2,55.1,1.2,87.6,78.9,8.7,32.5,25.0,7.5,7.2,6.8,0.4,,,,,,,,,,false,moderate
driver4,119.0,15.5,-10.2,4454,-7.8,D-S3-V1-P2,150-180,176.8,175.6,1.2,176.8,1.2,189.4,180.9,8.5,12.6,5.3,7.3,75.1,73.8,1.3,,,,,,,,,,false,moderate
s3_shot_6i_40,62.1,6.8,27.0,2768,30.0,I-S1a-V0-P1,<115,25.3,26.2,-0.9,25.3,-0.9,59.6,51.1,8.5,34.3,24.9,9.4,2.6,2.5,0.1,,,,,,,,,,false,moderate
s3_shot_6i_46,116.3,13.7,0.3,3008,10.7,D-S3-V1-P1,150-180,166.3,167.3,-1.0,166.3,-1.0,170.8,179.3,-8.5,4.5,12.0,-7.5,48.6,51.6,-3.0,,,,,,,,,,false,moderate
s4_shot_pw_48,46.5,25.5,3.8,4318,0.6,C-S0-V3-P2,<115,37.2,37.9,-0.7,37.2,-0.7,52.9,44.5,8.4,15.7,6.6,9.1,15.6,15.6,0.0,,,,,,,,,,false,moderate
s5_shot_pw_4,68.6,29.1,3.8,6801,6.8,I-S1a-V3-P3,<115,73.1,76.8,-3.7,73.1,-3.7,86.2,77.8,8.4,13.1,1.0,12.1,43.2,46.6,-3.4,,,,,,,,,,false,moderate
s2_shot_27,113.0,17.6,-2.3,4292,12.2,D-S3-V1-P2,150-180,162.8,164.5,-1.7,162.8,-1.7,177.9,169.6,8.3,15.1,5.1,10.0,75.7,73.6,2.1,,,,,,,,,,false,moderate
s3_shot_6i_49,71.2,7.7,16.1,2625,30.0,I-S1a-V0-P1,<115,38.3,39.9,-1.6,38.3,-1.6,78.6,70.3,8.3,40.3,30.4,9.9,4.3,4.5,-0.2,,,,,,,,,,false,moderate
s5_shot_7i_27,103.3,14.1,-1.8,5085,13.7,I-S2-V1-P2,115-150,142.4,136.6,5.8,142.4,5.8,150.9,142.8,8.1,8.5,6.2,2.3,54.8,46.5,8.3,,,,,,,,,,false,moderate
s5_shot_9i_19,101.2,20.5,-2.4,4282,5.8,I-S2-V2-P2,115-150,139.6,142.6,-3.0,139.6,-3.0,155.2,147.2,8.0,15.6,4.6,11.0,78.3,69.2,9.1,,,,,,,,,,false,moderate
s5_shot_9i_20,98.5,20.4,1.4,4377,10.4,I-S2-V2-P2,115-150,133.5,136.0,-2.5,133.5,-2.5,148.8,140.8,8.0,15.3,4.8,10.5,73.8,64.1,9.7,,,,,,,,,,false,moderate
s5_shot_7i_28,98.5,15.2,-3.4,3447,6.4,I-S2-V1-P1,115-150,129.3,129.8,-0.5,129.3,-0.5,132.5,140.3,-7.8,3.2,10.5,-7.3,38.7,40.9,-2.2,,,,,,,,,,false,moderate
approach_mid_iron_test_shot,93.9,22.9,-2.6,5375,2.0,I-S2-V2-P2,115-150,125.3,125.8,-0.5,125.3,-0.5,135.9,128.5,7.4,10.6,2.7,7.9,64.1,69.3,-5.2,,,,,,,,,,false,moderate
s3_shot_pw_67,81.7,28.1,6.3,6510,12.7,I-S1b-V3-P3,<115,101.3,100.0,1.3,101.3,1.3,108.3,101.1,7.2,7.0,1.1,5.9,61.9,65.0,-3.1,,,,,,,,,,false,moderate
s3_shot_6i_39,61.0,6.1,10.3,3285,22.0,I-S1a-V0-P1,<115,23.8,24.0,-0.2,23.8,-0.2,54.4,47.3,7.1,30.6,23.3,7.3,2.1,2.1,0.0,,,,,,,,,,false,moderate
s4_shot_pw_1,69.8,20.1,-0.6,3577,8.0,I-S1a-V2-P1,<115,73.5,74.8,-1.3,73.5,-1.3,76.8,83.7,-6.9,3.3,8.9,-5.6,28.8,26.2,2.6,,,,,,,,,,false,moderate
s5_shot_3w_39,129.9,11.9,-1.8,2965,-0.8,D-S4-V1-P1,180-200,196.6,197.1,-0.5,196.6,-0.5,202.1,208.9,-6.8,5.5,11.8,-6.3,56.6,59.4,-2.8,,,,,,,,,,false,moderate
s5_shot_7i_26,107.2,14.3,-2.9,4648,7.6,I-S3-V1-P2,115-150,150.1,147.4,2.7,150.1,2.7,160.6,153.9,6.7,10.5,6.5,4.0,61.5,51.9,9.6,,,,,,,,,,false,moderate
s3_shot_7i_29,107.6,13.8,-6.0,3633,4.7,I-S3-V1-P1,115-150,148.5,148.4,0.1,148.5,0.1,151.7,158.3,-6.6,3.2,9.9,-6.7,42.7,46.3,-3.6,,,,,,,,,,false,moderate
s3_shot_pw_64,69.6,28.6,0.2,5327,5.1,I-S1a-V3-P2,<115,83.5,80.1,3.4,83.5,3.4,88.7,82.4,6.3,5.2,2.3,2.9,47.0,46.4,0.6,,,,,,,,,,false,moderate
s3_shot_pw_65,81.2,28.4,2.9,6959,9.4,I-S1b-V3-P3,<115,99.5,98.5,1.0,99.5,1.0,105.6,99.4,6.2,6.1,0.9,5.2,62.7,65.6,-2.9,,,,,,,,,,false,moderate
s5_shot_pw_6,76.3,28.2,3.7,5434,9.1,I-S1b-V3-P2,<115,94.1,92.3,1.8,94.1,1.8,100.6,94.4,6.2,6.5,2.1,4.4,53.7,55.8,-2.1,,,,,,,,,,false,moderate
wedge_shot_1,48.7,29.0,-1.3,5684,11.1,C-S0-V3-P3,<115,41.1,42.6,-1.5,41.1,-1.5,53.1,46.9,6.2,12.0,4.3,7.7,20.5,21.3,-0.8,,,,,,,,,,false,moderate
5iron,102.1,17.4,1.5,5391,12.3,I-S2-V1-P2,115-150,140.2,138.1,2.1,140.2,2.1,148.3,142.2,6.1,8.1,4.1,4.0,61.3,59.6,1.7,,,,,,,,,,false,moderate
s2_shot_12,90.8,24.5,-3.9,7261,4.9,I-S2-V2-P3,115-150,116.6,115.4,1.2,116.6,1.2,122.4,116.4,6.0,5.8,1.0,4.8,65.1,71.5,-6.4,,,,,,,,,,false,moderate
s2_shot_20,120.9,15.0,-3.0,4245,9.6,D-S4-V1-P2,150-180,180.8,179.4,1.4,180.8,1.4,191.2,185.3,5.9,10.4,5.9,4.5,69.0,72.3,-3.3,,,,,,,,,,false,moderate
s5_shot_pw_7,79.7,28.1,4.4,5840,9.1,I-S1b-V3-P3,<115,97.6,97.9,-0.3,97.6,-0.3,105.3,99.5,5.8,7.7,1.6,6.1,57.6,61.5,-3.9,,,,,,,,,,false,moderate
s2_shot_18,105.7,20.5,-1.7,5667,8.2,I-S3-V2-P3,115-150,142.2,146.8,-4.6,142.2,-4.6,154.8,149.4,5.4,12.6,2.6,10.0,73.9,80.4,-6.5,,,,,,,,,,false,moderate
s5_shot_pw_8,76.4,28.2,1.6,5024,4.7,I-S1b-V3-P2,<115,93.5,93.4,0.1,93.5,0.1,101.1,95.9,5.2,7.6,2.5,5.1,53.7,55.9,-2.2,,,,,,,,,,false,moderate
s5_shot_8i_25,97.0,18.5,-2.0,4809,4.3,I-S2-V2-P2,115-150,131.3,130.8,0.5,131.3,0.5,140.7,135.6,5.1,9.4,4.8,4.6,63.4,56.2,7.2,,,,,,,,,,false,moderate
s5_shot_8i_22,100.8,15.6,-5.5,3498,3.5,I-S2-V1-P1,115-150,136.9,136.5,0.4,136.9,0.4,141.4,146.4,-5.0,4.5,9.9,-5.4,43.1,45.5,-2.4,,,,,,,,,,false,pass
s5_shot_lw_15,47.7,29.7,2.3,5999,-0.0,C-S0-V3-P3,<115,39.4,41.4,-2.0,39.4,-2.0,50.1,45.1,5.0,10.7,3.7,7.0,20.3,21.3,-1.0,,,,,,,,,,false,pass
s3_shot_driver_54,121.5,12.9,-5.3,3411,-10.0,D-S4-V1-P1,150-180,178.7,178.2,0.5,178.7,0.5,183.8,188.7,-4.9,5.1,10.5,-5.4,53.0,56.5,-3.5,,,,,,,,,,false,pass
wood2,118.8,14.5,-3.3,3026,11.2,D-S3-V1-P1,150-180,175.2,175.6,-0.4,175.2,-0.4,181.3,186.1,-4.8,6.1,10.5,-4.4,56.0,59.3,-3.3,,,,,,,,,,false,pass
s2_shot_17,122.9,14.4,-1.3,4119,6.7,D-S4-V1-P2,180-200,185.0,184.0,1.0,185.0,1.0,195.0,190.3,4.7,10.0,6.3,3.7,66.6,71.8,-5.2,,,,,,,,,,false,pass
s5_shot_driver_46,134.8,10.7,-2.4,3350,-6.5,D-S4-V1-P1,>200,205.0,204.1,0.9,205.0,0.9,210.5,215.2,-4.7,5.5,11.1,-5.6,56.8,59.2,-2.4,,,,,,,,,,false,pass
drive_test_shot,150.0,12.5,1.5,2335,-9.9,D-S4-V1-P0,>200,248.1,244.0,4.1,248.1,4.1,260.6,256.0,4.6,12.5,12.0,0.5,82.2,80.6,1.6,,,,,,,,,,false,moderate
s3_shot_6i_48,101.7,15.2,-3.0,4631,4.3,I-S2-V1-P2,115-150,139.4,137.1,2.3,139.4,2.3,148.1,143.5,4.6,8.7,6.4,2.3,58.9,48.9,10.0,,,,,,,,,,false,pass
s3_shot_5i_17,56.5,10.0,24.1,5178,29.1,C-S0-V0-P2,<115,32.2,30.6,1.6,32.2,1.6,51.2,46.9,4.3,19.0,16.3,2.7,4.7,4.5,0.2,,,,,,,,,,false,pass
s4_shot_3w_32,105.5,18.5,-1.4,5714,2.3,I-S3-V2-P3,115-150,141.7,146.0,-4.3,141.7,-4.3,149.8,148.8,1.0,8.1,2.8,5.3,64.7,71.9,-7.2,,,,,,,,,,false,moderate
s5_shot_pw_11,76.6,21.2,2.9,5232,-5.5,I-S1b-V2-P2,<115,88.4,89.9,-1.5,88.4,-1.5,90.0,94.2,-4.2,1.6,4.3,-2.7,34.2,37.9,-3.7,,,,,,,,,,false,pass
s5_shot_pw_5,77.4,28.9,4.5,6294,7.3,I-S1b-V3-P3,<115,92.2,93.0,-0.8,92.2,-0.8,98.4,94.2,4.2,6.2,1.2,5.0,57.0,60.1,-3.1,,,,,,,,,,false,pass
s3_shot_6i_43,94.1,13.9,-4.7,4616,1.7,I-S2-V1-P2,115-150,119.9,117.3,2.6,119.9,2.6,124.5,128.6,-4.1,4.6,11.3,-6.7,40.2,35.0,5.2,,,,,,,,,,false,pass
s3_shot_6i_47,99.5,14.8,-2.9,4811,4.7,I-S2-V1-P2,115-150,134.2,131.2,3.0,134.2,3.0,141.8,137.7,4.1,7.6,6.5,1.1,52.9,45.0,7.9,,,,,,,,,,false,pass
s2_shot_9,94.4,20.1,2.4,4020,16.3,I-S2-V2-P2,115-150,122.9,126.5,-3.6,122.9,-3.6,134.8,132.5,2.3,11.9,6.0,5.9,60.6,54.8,5.8,,,,,,,,,,false,moderate
s4_shot_3w_31,106.9,15.7,-2.4,3662,8.9,I-S3-V1-P1,150-180,150.2,150.3,-0.1,150.2,-0.1,155.2,158.8,-3.6,5.0,8.5,-3.5,50.1,53.7,-3.6,,,,,,,,,,false,pass
s5_shot_8i_24,106.7,18.2,0.2,5797,8.8,I-S3-V2-P3,115-150,143.9,147.5,-3.6,143.9,-3.6,152.9,150.4,2.5,9.0,2.9,6.1,64.6,72.1,-7.5,,,,,,,,,,false,moderate
s5_shot_pw_10,83.6,25.2,1.4,5520,9.9,I-S1b-V3-P3,<115,105.5,105.5,0.0,105.5,0.0,111.5,107.9,3.6,6.0,2.4,3.6,54.4,59.2,-4.8,,,,,,,,,,false,pass
s3_shot_pw_68,88.5,23.4,-0.1,6637,6.0,I-S2-V2-P3,<115,112.8,112.7,0.1,112.8,0.1,117.4,114.1,3.3,4.6,1.4,3.2,56.2,63.4,-7.2,,,,,,,,,,false,pass
s5_shot_pw_9,86.4,24.1,0.2,5480,3.7,I-S2-V2-P2,<115,109.7,111.1,-1.4,109.7,-1.4,116.9,113.7,3.2,7.2,2.6,4.6,54.7,60.9,-6.2,,,,,,,,,,false,pass
s3_shot_pw_69,74.1,23.6,0.2,5880,8.4,I-S1b-V2-P3,<115,84.0,86.0,-2.0,84.0,-2.0,85.7,88.8,-3.1,1.7,2.8,-1.1,37.7,41.2,-3.5,,,,,,,,,,false,pass
s3_shot_7i_30,90.2,17.6,-3.8,4508,-0.2,I-S2-V1-P2,115-150,112.4,115.4,-3.0,112.4,-3.0,119.5,121.7,-2.2,7.1,6.3,0.8,46.2,43.1,3.1,,,,,,,,,,false,pass
s3_shot_9i_8,92.2,21.9,-6.3,5042,0.7,I-S2-V2-P2,115-150,120.5,122.9,-2.4,120.5,-2.4,129.4,126.4,3.0,8.9,3.5,5.4,60.3,62.6,-2.3,,,,,,,,,,false,pass
s5_shot_8i_23,109.7,18.2,-0.0,3711,5.2,I-S3-V2-P1,150-180,160.4,160.9,-0.5,160.4,-0.5,170.2,167.2,3.0,9.8,6.3,3.5,66.5,70.2,-3.7,,,,,,,,,,false,pass
driver2,124.6,13.2,-6.8,3994,-6.1,D-S4-V1-P1,180-200,187.6,184.8,2.8,187.6,2.8,195.2,192.3,2.9,7.6,7.5,0.1,61.5,65.8,-4.3,,,,,,,,,,false,pass
s3_shot_9i_7,83.0,22.5,5.3,7008,9.7,I-S1b-V2-P3,<115,103.4,101.1,2.3,103.4,2.3,105.5,102.6,2.9,2.1,1.5,0.6,47.9,51.5,-3.6,,,,,,,,,,false,pass
s5_shot_3w_40,116.2,14.1,0.8,3909,0.4,D-S3-V1-P1,150-180,168.3,169.4,-1.1,168.3,-1.1,174.2,177.1,-2.9,5.9,7.7,-1.8,54.6,60.2,-5.6,,,,,,,,,,false,pass
s2_shot_11,78.5,29.6,4.3,7350,10.7,I-S1b-V3-P3,<115,91.9,93.0,-1.1,91.9,-1.1,96.4,93.6,2.8,4.5,0.6,3.9,60.4,64.0,-3.6,,,,,,,,,,false,pass
s2_shot_14,87.1,22.4,-2.0,5660,11.4,I-S2-V2-P3,<115,108.1,110.9,-2.8,108.1,-2.8,112.2,113.7,-1.5,4.1,2.8,1.3,49.1,55.9,-6.8,,,,,,,,,,false,pass
s4_shot_3w_35,117.9,14.4,3.6,3735,13.3,D-S3-V1-P1,150-180,171.7,171.9,-0.2,171.7,-0.2,177.5,180.2,-2.7,5.8,8.3,-2.5,56.4,61.1,-4.7,,,,,,,,,,false,pass
s4_shot_9i_14,87.1,22.1,0.3,5730,4.7,I-S2-V2-P3,<115,108.6,111.2,-2.6,108.6,-2.6,113.0,113.9,-0.9,4.4,2.7,1.7,48.7,55.8,-7.1,,,,,,,,,,false,pass
s2_shot_22,123.3,14.0,-6.1,3104,10.0,D-S4-V1-P1,180-200,186.0,185.4,0.6,186.0,0.6,193.1,195.5,-2.4,7.1,10.1,-3.0,60.3,63.0,-2.7,,,,,,,,,,false,pass
s3_shot_9i_5,84.0,19.4,3.8,5352,11.5,I-S1b-V2-P2,<115,103.0,102.7,0.3,103.0,0.3,104.9,107.2,-2.3,1.9,4.5,-2.6,37.4,41.8,-4.4,,,,,,,,,,false,pass
s3_shot_9i_9,90.1,22.1,-3.1,5351,1.2,I-S2-V2-P2,115-150,116.4,118.1,-1.7,116.4,-1.7,123.4,121.1,2.3,7.0,3.0,4.0,53.8,60.1,-6.3,,,,,,,,,,false,pass
checked_test_shot,75.0,38.5,1.4,10701,5.7,W-S1b-V4-P4,<115,75.5,77.6,-2.1,75.5,-2.1,77.0,77.5,-0.5,1.5,-0.1,1.6,69.9,79.5,-9.6,,,,,,,,,,false,pass
s3_shot_7i_28,92.1,16.4,-3.6,4217,-0.4,I-S2-V1-P2,115-150,115.9,117.9,-2.0,115.9,-2.0,123.7,125.6,-1.9,7.8,7.7,0.1,46.2,40.6,5.6,,,,,,,,,,false,pass
s4_shot_3w_34,114.6,15.3,2.4,3502,12.8,D-S3-V1-P1,150-180,165.9,166.6,-0.7,165.9,-0.7,173.4,175.4,-2.0,7.5,8.8,-1.3,56.4,60.3,-3.9,,,,,,,,,,false,pass
s3_shot_9i_2,71.3,23.9,5.5,4086,8.3,I-S1a-V2-P2,<115,80.2,82.1,-1.9,80.2,-1.9,85.5,87.4,-1.9,5.3,5.3,-0.0,36.9,36.8,0.1,,,,,,,,,,false,pass
s3_shot_9i_3,90.1,21.7,2.8,5243,11.2,I-S2-V2-P2,115-150,115.4,117.3,-1.9,115.4,-1.9,122.2,120.7,1.5,6.8,3.4,3.4,52.2,57.7,-5.5,,,,,,,,,,false,pass
s4_shot_pw_10,76.3,26.8,0.7,5989,4.9,I-S1b-V3-P3,<115,90.4,91.5,-1.1,90.4,-1.1,95.1,93.2,1.9,4.7,1.7,3.0,49.4,52.8,-3.4,,,,,,,,,,false,pass
s2_shot_13,95.2,19.6,-1.1,5610,12.2,I-S2-V2-P3,115-150,123.5,125.3,-1.8,123.5,-1.8,128.0,128.7,-0.7,4.5,3.4,1.1,51.3,58.4,-7.1,,,,,,,,,,false,pass
s2_shot_16,94.1,19.1,-5.9,5291,5.0,I-S2-V2-P2,115-150,123.8,124.3,-0.5,123.8,-0.5,129.9,128.1,1.8,6.1,3.8,2.3,51.5,55.3,-3.8,,,,,,,,,,false,pass
s4_shot_5i_30,96.8,18.2,0.7,6358,17.5,I-S2-V2-P3,115-150,126.4,124.7,1.7,126.4,1.7,128.3,127.7,0.6,1.9,3.0,-1.1,47.6,55.5,-7.9,,,,,,,,,,false,pass
flop_test_shot,68.0,45.0,0.5,12000,0.8,W-S1a-V4-P4,<115,61.6,61.8,-0.2,61.6,-0.2,61.9,60.3,1.6,0.3,-1.5,1.8,68.3,76.8,-8.5,,,,,,,,,,false,pass
s3_shot_pw_66,75.7,27.3,-1.2,6605,4.0,I-S1b-V3-P3,<115,88.1,89.7,-1.6,88.1,-1.6,91.7,90.8,0.9,3.6,1.1,2.5,50.5,53.5,-3.0,,,,,,,,,,false,pass
s2_shot_24,121.5,14.5,-11.2,3173,-6.8,D-S4-V1-P1,180-200,183.5,183.0,0.5,183.5,0.5,191.3,192.8,-1.5,7.8,9.8,-2.0,61.6,64.6,-3.0,,,,,,,,,,false,pass
s4_shot_6i_21,91.9,17.8,0.7,5967,11.5,I-S2-V1-P3,115-150,117.3,116.4,0.9,117.3,0.9,118.6,120.1,-1.5,1.3,3.7,-2.4,40.8,47.6,-6.8,,,,,,,,,,false,pass
s4_shot_pw_11,76.3,27.4,-0.6,6296,5.2,I-S1b-V3-P3,<115,90.0,91.1,-1.1,90.0,-1.1,94.0,92.5,1.5,4.0,1.4,2.6,51.2,54.2,-3.0,,,,,,,,,,false,pass
s5_shot_driver_44,124.0,12.7,1.3,3765,2.2,D-S4-V1-P1,180-200,185.7,184.7,1.0,185.7,1.0,191.8,193.3,-1.5,6.1,8.6,-2.5,57.2,61.9,-4.7,,,,,,,,,,false,pass
s3_shot_7i_27,93.7,17.1,-1.4,4612,2.6,I-S2-V1-P2,115-150,120.9,122.3,-1.4,120.9,-1.4,128.2,128.3,-0.1,7.3,6.0,1.3,51.0,46.0,5.0,,,,,,,,,,false,pass
s4_shot_5i_26,106.3,15.5,-3.6,4114,3.4,I-S3-V1-P2,115-150,147.4,148.7,-1.3,147.4,-1.3,155.9,155.9,0.0,8.5,7.2,1.3,54.8,54.5,0.3,,,,,,,,,,false,pass
s4_shot_pw_6,68.7,26.1,1.1,4149,8.2,I-S1a-V3-P2,<115,77.1,78.4,-1.3,77.1,-1.3,83.0,83.1,-0.1,5.9,4.7,1.2,38.4,38.6,-0.2,,,,,,,,,,false,pass
s3_shot_7i_32,93.1,17.0,-1.0,3762,4.2,I-S2-V1-P1,115-150,120.5,121.2,-0.7,120.5,-0.7,128.7,129.8,-1.1,8.2,8.6,-0.4,45.7,42.5,3.2,,,,,,,,,,false,pass
s4_shot_pw_7,76.8,25.2,3.7,6565,8.2,I-S1b-V3-P3,<115,90.6,91.1,-0.5,90.6,-0.5,93.3,92.6,0.7,2.7,1.5,1.2,46.6,49.5,-2.9,,,,,,,,,,false,pass
s5_shot_9i_21,90.1,20.7,0.6,6342,5.1,I-S2-V2-P3,115-150,115.1,115.3,-0.2,115.1,-0.2,118.1,117.5,0.6,3.0,2.2,0.8,48.9,56.5,-7.6,,,,,,,,,,false,pass
s3_shot_7i_33,92.4,17.0,-0.6,3852,2.8,I-S2-V1-P1,115-150,119.2,119.7,-0.5,119.2,-0.5,127.6,128.0,-0.4,8.4,8.3,0.1,46.7,42.0,4.7,,,,,,,,,,false,pass
s3_shot_7i_34,104.2,14.7,-4.6,4081,1.9,I-S2-V1-P2,115-150,142.8,142.5,0.3,142.8,0.3,150.6,150.6,0.0,7.8,8.1,-0.3,49.4,48.2,1.2,,,,,,,,,,false,pass
